Model,Accuracy,Precision,Recall,F1-Score
Naive Bayes (TF-IDF),0.8734,0.8622429181218471,0.8888,0.8753200709080166
Naive Bayes (Word2Vec),0.7596,0.755210381439245,0.7682,0.7616498116200674
SVM (TF-IDF),0.8969,0.8924263397271109,0.9026,0.8974843392661828
SVM (Word2Vec),0.8588,0.8544053733702094,0.865,0.8596700457165574
