Model,Accuracy,Precision,Recall,F1-Score
Naive Bayes (TF-IDF),0.8734,0.8622429181218471,0.8888,0.8753200709080166
Naive Bayes (Word2Vec),0.7551,0.7521249258746788,0.761,0.7565364350333035
SVM (TF-IDF),0.8969,0.8924263397271109,0.9026,0.8974843392661828
SVM (Word2Vec),0.8552,0.8509881422924901,0.8612,0.8560636182902585
