Model,Accuracy,Precision,Recall,F1-Score
Naive Bayes (TF-IDF),0.8734,0.8622429181218471,0.8888,0.8753200709080166
Naive Bayes (Word2Vec),0.7575,0.7555070450486208,0.7614,0.7584420759039745
SVM (TF-IDF),0.8969,0.8924263397271109,0.9026,0.8974843392661828
SVM (Word2Vec),0.8569,0.8528771999209017,0.8626,0.857711047031918
